Date Time (UTC),Device,Direction,Payload,Approx Lat/Lng,Payload (Text),Length (Bytes),Credits
18/Nov/2023 20:20:30,RockBLOCK F23 Backup,MT,21414343,,!ACC,4,1
18/Nov/2023 20:18:45,RockBLOCK F23 Backup,MT,21414343,,!ACC,4,1
18/Nov/2023 20:18:34,RockBLOCK F23 Backup,MT,21414343,,!ACC,4,1
18/Nov/2023 20:18:28,RockBLOCK F23 Backup,MT,21414343,,!ACC,4,1
18/Nov/2023 20:18:24,RockBLOCK F23 Backup,MO,33392e3736313233302c2d37352e3939393532372c353639342e3239393830302c31352e33312c35362e37302c3133,"39.81563333333333,-75.92973333333333","39.761230,-75.999527,5694.299800,15.31,56.70,13",47,1
18/Nov/2023 20:18:15,RockBLOCK F23 Backup,MO,33392e3737343330302c2d37362e3032323435332c353339362e3730303230302c31362e31342c35372e36352c3133,"39.76555,-75.9411","39.774300,-76.022453,5396.700200,16.14,57.65,13",47,1
18/Nov/2023 20:18:03,RockBLOCK F23 Backup,MT,21414343,,!ACC,4,1
18/Nov/2023 20:17:15,RockBLOCK F23 Backup,MT,21414343,,!ACC,4,1
18/Nov/2023 20:15:57,RockBLOCK F23 Backup,MT,21414343,,!ACC,4,1
18/Nov/2023 20:15:42,RockBLOCK F23 Backup,MT,21414343,,!ACC,4,1
18/Nov/2023 20:15:32,RockBLOCK F23 Backup,MT,21414343,,!ACC,4,1
18/Nov/2023 20:14:17,RockBLOCK F23 Backup,MO,33392e3737343330302c2d37362e3032323435332c353339362e3730303230302c31362e31342c35372e36352c3133,"39.81001666666667,-75.8844","39.774300,-76.022453,5396.700200,16.14,57.65,13",47,1
18/Nov/2023 20:14:08,RockBLOCK F23 Backup,MO,33392e3738303336352c2d37362e3033313531372c353239342e3530303030302c31362e33312c35372e36352c3133,"39.748783333333336,-75.99771666666666","39.780365,-76.031517,5294.500000,16.31,57.65,13",47,1
18/Nov/2023 20:13:43,RockBLOCK F23 Backup,MO,33392e3738303336352c2d37362e3033313531372c353239342e3530303030302c31362e33312c35372e36352c3133,"39.77115,-75.9864","39.780365,-76.031517,5294.500000,16.31,57.65,13",47,1
18/Nov/2023 20:13:33,RockBLOCK F23 Backup,MO,33392e3830303231332c2d37362e3035383836312c343936372e3630303130302c31362e36352c35362e38342c3132,"39.77115,-75.9864","39.800213,-76.058861,4967.600100,16.65,56.84,12",47,1
18/Nov/2023 20:11:51,RockBLOCK F23 Backup,MO,33392e3830303231332c2d37362e3035383836312c343936372e3630303130302c31362e36352c35362e38342c3132,"39.72085,-76.19016666666667","39.800213,-76.058861,4967.600100,16.65,56.84,12",47,1
18/Nov/2023 20:11:36,RockBLOCK F23 Backup,MO,33392e3833303331382c2d37362e3039373331332c343135312e3239393830302c31362e39322c34392e32342c3131,"39.80441666666667,-76.03173333333334","39.830318,-76.097313,4151.299800,16.92,49.24,11",47,1
18/Nov/2023 20:09:01,RockBLOCK F23 Backup,MO,33392e3833303331382c2d37362e3039373331332c343135312e3239393830302c31362e39392c34392e32342c3131,"39.86006666666667,-76.06583333333333","39.830318,-76.097313,4151.299800,16.99,49.24,11",47,1
18/Nov/2023 20:08:35,RockBLOCK F23 Backup,MO,33392e3833303331382c2d37362e3039373331332c343135312e3239393830302c31362e39392c34392e32342c3131,"39.86006666666667,-76.06583333333333","39.830318,-76.097313,4151.299800,16.99,49.24,11",47,1
18/Nov/2023 20:08:23,RockBLOCK F23 Backup,MO,33392e3836373036322c2d37362e3134383635312c333935352e3130303130302c31372e35352c33382e31372c3131,"39.86006666666667,-76.06583333333333","39.867062,-76.148651,3955.100100,17.55,38.17,11",47,1
18/Nov/2023 20:02:56,RockBLOCK F23 Backup,MO,33392e3838353035322c2d37362e3137373939342c333435332e3330303030302c31372e37322c33352e30312c3132,"39.87116666666667,-76.15666666666667","39.885052,-76.177994,3453.300000,17.72,35.01,12",47,1
18/Nov/2023 19:59:42,RockBLOCK F23 Backup,MO,33392e3838383739382c2d37362e3138353033362c333435332e3330303030302c31372e37352c34322e39362c3132,"39.90435,-76.2021","39.888798,-76.185036,3453.300000,17.75,42.96,12",47,1
18/Nov/2023 19:59:15,RockBLOCK F23 Backup,MO,33392e3838383739382c2d37362e3138353033362c333435332e3330303030302c31372e37352c34322e39362c3132,"39.90435,-76.2021","39.888798,-76.185036,3453.300000,17.75,42.96,12",47,1
18/Nov/2023 19:59:00,RockBLOCK F23 Backup,MO,33392e3932303736312c2d37362e3233323433372c323736362e3030303030302c31372e37392c34322e39362c3132,"39.90435,-76.2021","39.920761,-76.232437,2766.000000,17.79,42.96,12",47,1
18/Nov/2023 19:58:27,RockBLOCK F23 Backup,MO,33392e3932303736312c2d37362e3233323433372c323736362e3030303030302c31372e37392c34322e39362c3132,"39.87668333333333,-76.2021","39.920761,-76.232437,2766.000000,17.79,42.96,12",47,1
18/Nov/2023 19:58:11,RockBLOCK F23 Backup,MO,33392e3932303736312c2d37362e3233323433372c323736362e3030303030302c31372e38332c34322e39362c3132,"39.89881666666667,-76.15666666666667","39.920761,-76.232437,2766.000000,17.83,42.96,12",47,1
18/Nov/2023 19:55:25,RockBLOCK F23 Backup,MO,33392e3933333637302c2d37362e3234353831392c323438352e3830303030302c31372e38332c33352e36392c3131,"39.90985,-76.24755","39.933670,-76.245819,2485.800000,17.83,35.69,11",47,1
18/Nov/2023 19:52:36,RockBLOCK F23 Backup,MO,33392e3933383338392c2d37362e3235303834372c323438352e3830303030302c31372e38332c31362e39352c3131,"39.94298333333333,-76.29303333333333","39.938389,-76.250847,2485.800000,17.83,16.95,11",47,1
18/Nov/2023 19:52:00,RockBLOCK F23 Backup,MO,33392e3933383338392c2d37362e3235303834372c323438352e3830303030302c31372e38332c31362e39352c3131,"39.965466666666664,-76.28193333333333","39.938389,-76.250847,2485.800000,17.83,16.95,11",47,1
18/Nov/2023 19:51:50,RockBLOCK F23 Backup,MO,33392e3934383239392c2d37362e3236303833342c323237312e3339393930302c31372e38332c31362e39352c3132,"39.959966666666666,-76.23641666666667","39.948299,-76.260834,2271.399900,17.83,16.95,12",47,1
18/Nov/2023 19:51:19,RockBLOCK F23 Backup,MO,33392e3934383239392c2d37362e3236303833342c323237312e3339393930302c31372e38332c31362e39352c3132,"39.959966666666666,-76.23641666666667","39.948299,-76.260834,2271.399900,17.83,16.95,12",47,1
18/Nov/2023 19:51:09,RockBLOCK F23 Backup,MO,33392e3934383239392c2d37362e3236303833342c323237312e3339393930302c31372e38322c31362e39352c3132,"39.959966666666666,-76.23641666666667","39.948299,-76.260834,2271.399900,17.82,16.95,12",47,1
18/Nov/2023 19:50:42,RockBLOCK F23 Backup,MO,33392e3934383239392c2d37362e3236303833342c323237312e3339393930302c31372e38322c31362e39352c3132,"39.965466666666664,-76.28193333333333","39.948299,-76.260834,2271.399900,17.82,16.95,12",47,1
18/Nov/2023 19:50:33,RockBLOCK F23 Backup,MO,33392e3937343836392c2d37362e3238303333342c313930322e3330303030302c31372e38312c31362e39352c3133,"39.965466666666664,-76.28193333333333","39.974869,-76.280334,1902.300000,17.81,16.95,13",47,1
18/Nov/2023 19:49:52,RockBLOCK F23 Backup,MO,33392e3937343836392c2d37362e3238303333342c313930322e3330303030302c31372e38312c31362e39352c3133,"39.965466666666664,-76.28193333333333","39.974869,-76.280334,1902.300000,17.81,16.95,13",47,1
18/Nov/2023 19:49:35,RockBLOCK F23 Backup,MO,33392e3937343836392c2d37362e3238303333342c313930322e3330303030302c31372e38322c31362e39352c3133,"39.965466666666664,-76.28193333333333","39.974869,-76.280334,1902.300000,17.82,16.95,13",47,1
18/Nov/2023 19:47:52,RockBLOCK F23 Backup,MO,33392e3937343836392c2d37362e3238303333342c313930322e3330303030302c31372e38322c31362e39352c3133,"39.98758333333333,-76.23641666666667","39.974869,-76.280334,1902.300000,17.82,16.95,13",47,1
18/Nov/2023 19:47:37,RockBLOCK F23 Backup,MO,34302e3032323832372c2d37362e3330323734322c3939352e3739393939302c31372e38342c31362e39352c3133,"39.98758333333333,-76.23641666666667","40.022827,-76.302742,995.799990,17.84,16.95,13",46,1
18/Nov/2023 19:46:23,RockBLOCK F23 Backup,MO,34302e3032323832372c2d37362e3330323734322c3939352e3739393939302c31372e39332c31362e39352c3133,"39.99308333333333,-76.28193333333333","40.022827,-76.302742,995.799990,17.93,16.95,13",46,1
18/Nov/2023 19:43:26,RockBLOCK F23 Backup,MO,34302e3032323832372c2d37362e3330323734322c3939352e3739393939302c31372e39332c31362e39352c3133,"39.99308333333333,-76.28193333333333","40.022827,-76.302742,995.799990,17.93,16.95,13",46,1
18/Nov/2023 19:43:16,RockBLOCK F23 Backup,MO,34302e3032323832372c2d37362e3330323734322c3939352e3739393939302c31372e39362c31362e39352c3133,"39.99856666666667,-76.32745","40.022827,-76.302742,995.799990,17.96,16.95,13",46,1
18/Nov/2023 19:42:46,RockBLOCK F23 Backup,MO,34302e3032323832372c2d37362e3330323734322c3939352e3739393939302c31372e39362c31362e39352c3133,"39.99856666666667,-76.32745","40.022827,-76.302742,995.799990,17.96,16.95,13",46,1
18/Nov/2023 19:42:34,RockBLOCK F23 Backup,MO,34302e3032323832372c2d37362e3330323734322c3939352e3739393939302c31372e39392c31362e39352c3133,"39.99856666666667,-76.32745","40.022827,-76.302742,995.799990,17.99,16.95,13",46,1
18/Nov/2023 19:42:04,RockBLOCK F23 Backup,MO,34302e3032323832372c2d37362e3330323734322c3939352e3739393939302c31372e39392c31362e39352c3133,"39.99856666666667,-76.32745","40.022827,-76.302742,995.799990,17.99,16.95,13",46,1
18/Nov/2023 19:41:55,RockBLOCK F23 Backup,MO,34302e3032323832372c2d37362e3330323734322c3939352e3739393939302c31382e30322c31362e39352c3133,"40.02108333333333,-76.31636666666667","40.022827,-76.302742,995.799990,18.02,16.95,13",46,1
18/Nov/2023 19:41:26,RockBLOCK F23 Backup,MO,34302e3032323832372c2d37362e3330323734322c3939352e3739393939302c31382e30322c31362e39352c3133,"40.02108333333333,-76.31636666666667","40.022827,-76.302742,995.799990,18.02,16.95,13",46,1
18/Nov/2023 19:41:18,RockBLOCK F23 Backup,MO,34302e3033343239302c2d37362e3331333535332c3531352e3430303032302c31382e30332c31362e39352c3133,"40.0432,-76.27081666666666","40.034290,-76.313553,515.400020,18.03,16.95,13",46,1
18/Nov/2023 19:38:38,RockBLOCK F23 Backup,MO,34302e3034323639302c2d37362e3332313133362c3133302e3839393939302c31372e39352c31362e39352c3133,"40.0432,-76.27081666666666","40.042690,-76.321136,130.899990,17.95,16.95,13",46,1
18/Nov/2023 19:35:45,RockBLOCK F23 Backup,MO,34302e3034323639302c2d37362e3332313133362c3133302e3839393939302c31372e39352c31362e39352c3133,"40.05416666666667,-76.36195","40.042690,-76.321136,130.899990,17.95,16.95,13",46,1
18/Nov/2023 19:35:36,RockBLOCK F23 Backup,MO,34302e3034353135382c2d37362e3332323836382c3133302e3839393939302c31372e39322c302e34332c3133,"40.04868333333334,-76.31636666666667","40.045158,-76.322868,130.899990,17.92,0.43,13",45,1
18/Nov/2023 19:35:00,RockBLOCK F23 Backup,MO,34302e3034353135382c2d37362e3332323836382c3133302e3839393939302c31372e39322c302e34332c3133,"40.04868333333334,-76.31636666666667","40.045158,-76.322868,130.899990,17.92,0.43,13",45,1
18/Nov/2023 19:34:51,RockBLOCK F23 Backup,MO,34302e3034353139372c2d37362e3332323739322c3133302e3839393939302c31372e38392c302e34332c3133,"40.05416666666667,-76.36195","40.045197,-76.322792,130.899990,17.89,0.43,13",45,1
18/Nov/2023 19:34:17,RockBLOCK F23 Backup,MO,34302e3034353139372c2d37362e3332323739322c3133302e3839393939302c31372e38392c302e34332c3133,"40.04868333333334,-76.31636666666667","40.045197,-76.322792,130.899990,17.89,0.43,13",45,1
18/Nov/2023 19:34:07,RockBLOCK F23 Backup,MO,34302e3034353138392c2d37362e3332323737372c3133312e3230303030302c31372e38362c302e34332c3130,"40.04868333333334,-76.31636666666667","40.045189,-76.322777,131.200000,17.86,0.43,10",45,1
18/Nov/2023 19:33:42,RockBLOCK F23 Backup,MO,34302e3034353138392c2d37362e3332323737372c3133312e3230303030302c31372e38362c302e34332c3130,"40.04868333333334,-76.31636666666667","40.045189,-76.322777,131.200000,17.86,0.43,10",45,1
18/Nov/2023 19:33:34,RockBLOCK F23 Backup,MO,34302e3034353135352c2d37362e3332323930362c3133332e3230303030302c31372e33312c302e37312c3133,"40.04868333333334,-76.31636666666667","40.045155,-76.322906,133.200000,17.31,0.71,13",45,1
18/Nov/2023 19:28:23,RockBLOCK F23 Backup,MO,34302e3034353139372c2d37362e3332323934352c3133332e3230303030302c31372e32352c302e37352c3133,"40.08175,-76.36195","40.045197,-76.322945,133.200000,17.25,0.75,13",45,1
18/Nov/2023 19:27:49,RockBLOCK F23 Backup,MO,34302e3034353139372c2d37362e3332323934352c3133332e3230303030302c31372e32352c302e37352c3133,"40.08175,-76.36195","40.045197,-76.322945,133.200000,17.25,0.75,13",45,1
18/Nov/2023 19:27:40,RockBLOCK F23 Backup,MO,34302e3034353137372c2d37362e3332323935322c3133332e3230303030302c31372e31382c302e35342c3133,"40.05416666666667,-76.36195","40.045177,-76.322952,133.200000,17.18,0.54,13",45,1
18/Nov/2023 19:27:14,RockBLOCK F23 Backup,MO,34302e3034353137372c2d37362e3332323935322c3133332e3230303030302c31372e31382c302e35342c3133,"40.04868333333334,-76.31636666666667","40.045177,-76.322952,133.200000,17.18,0.54,13",45,1
18/Nov/2023 19:26:57,RockBLOCK F23 Backup,MO,34302e3034353138352c2d37362e3332323931342c3133342e3339393939302c31372e31312c302e35342c3132,"40.05416666666667,-76.36195","40.045185,-76.322914,134.399990,17.11,0.54,12",45,1
18/Nov/2023 19:26:30,RockBLOCK F23 Backup,MO,34302e3034353138352c2d37362e3332323931342c3133342e3339393939302c31372e31312c302e35342c3132,"40.05416666666667,-76.36195","40.045185,-76.322914,134.399990,17.11,0.54,12",45,1
18/Nov/2023 19:26:23,RockBLOCK F23 Backup,MO,34302e3034353138352c2d37362e3332323931342c3133342e3339393939302c31372e30352c302e35342c3132,"40.05416666666667,-76.36195","40.045185,-76.322914,134.399990,17.05,0.54,12",45,1
18/Nov/2023 19:25:53,RockBLOCK F23 Backup,MO,34302e3034353138352c2d37362e3332323931342c3133342e3339393939302c31372e30352c302e35342c3132,"40.05416666666667,-76.36195","40.045185,-76.322914,134.399990,17.05,0.54,12",45,1
18/Nov/2023 19:25:45,RockBLOCK F23 Backup,MO,34302e3034353138352c2d37362e3332323931342c3133342e3339393939302c31362e39372c302e35342c3132,"40.04868333333334,-76.31636666666667","40.045185,-76.322914,134.399990,16.97,0.54,12",45,1
18/Nov/2023 19:25:21,RockBLOCK F23 Backup,MO,34302e3034353138352c2d37362e3332323931342c3133342e3339393939302c31362e39372c302e35342c3132,"40.04868333333334,-76.31636666666667","40.045185,-76.322914,134.399990,16.97,0.54,12",45,1
18/Nov/2023 19:25:10,RockBLOCK F23 Backup,MO,34302e3034353138312c2d37362e3332323930362c3133332e3030303030302c31362e38392c302e35342c3134,"40.04868333333334,-76.31636666666667","40.045181,-76.322906,133.000000,16.89,0.54,14",45,1
18/Nov/2023 19:24:47,RockBLOCK F23 Backup,MO,34302e3034353138312c2d37362e3332323930362c3133332e3030303030302c31362e38392c302e35342c3134,"40.04868333333334,-76.31636666666667","40.045181,-76.322906,133.000000,16.89,0.54,14",45,1
18/Nov/2023 19:24:39,RockBLOCK F23 Backup,MO,34302e3034353230342c2d37362e3332323836312c3133332e3030303030302c31362e38332c302e36302c3134,"40.04868333333334,-76.31636666666667","40.045204,-76.322861,133.000000,16.83,0.60,14",45,1
18/Nov/2023 19:24:06,RockBLOCK F23 Backup,MO,34302e3034353230342c2d37362e3332323836312c3133332e3030303030302c31362e38332c302e36302c3134,"40.04868333333334,-76.31636666666667","40.045204,-76.322861,133.000000,16.83,0.60,14",45,1
18/Nov/2023 19:23:58,RockBLOCK F23 Backup,MO,34302e3034353230342c2d37362e3332323836312c3133332e3030303030302c31362e37392c302e36302c3134,"40.04868333333334,-76.31636666666667","40.045204,-76.322861,133.000000,16.79,0.60,14",45,1
18/Nov/2023 19:23:21,RockBLOCK F23 Backup,MO,34302e3034353230342c2d37362e3332323836312c3133332e3030303030302c31362e37392c302e36302c3134,"40.04868333333334,-76.31636666666667","40.045204,-76.322861,133.000000,16.79,0.60,14",45,1
18/Nov/2023 19:23:10,RockBLOCK F23 Backup,MO,34302e3034353230342c2d37362e3332323835332c3133332e3030303030302c31362e37362c302e31302c3134,"40.04868333333334,-76.31636666666667","40.045204,-76.322853,133.000000,16.76,0.10,14",45,1
18/Nov/2023 19:22:46,RockBLOCK F23 Backup,MO,34302e3034353230342c2d37362e3332323835332c3133332e3030303030302c31362e37362c302e31302c3134,"40.04868333333334,-76.31636666666667","40.045204,-76.322853,133.000000,16.76,0.10,14",45,1
18/Nov/2023 19:22:29,RockBLOCK F23 Backup,MO,34302e3034353230342c2d37362e3332323835332c3133332e3030303030302c31362e37322c302e31302c3134,"40.04868333333334,-76.31636666666667","40.045204,-76.322853,133.000000,16.72,0.10,14",45,1
18/Nov/2023 19:22:00,RockBLOCK F23 Backup,MO,34302e3034353230342c2d37362e3332323835332c3133332e3030303030302c31362e37322c302e31302c3134,"40.02616666666667,-76.32745","40.045204,-76.322853,133.000000,16.72,0.10,14",45,1
18/Nov/2023 19:21:52,RockBLOCK F23 Backup,MO,34302e3034353139372c2d37362e3332323836382c3133332e3030303030302c31362e36362c302e31362c3134,"40.04868333333334,-76.31636666666667","40.045197,-76.322868,133.000000,16.66,0.16,14",45,1
18/Nov/2023 19:21:20,RockBLOCK F23 Backup,MO,34302e3034353139372c2d37362e3332323836382c3133332e3030303030302c31362e36362c302e31362c3134,"40.04868333333334,-76.31636666666667","40.045197,-76.322868,133.000000,16.66,0.16,14",45,1
18/Nov/2023 19:21:13,RockBLOCK F23 Backup,MO,34302e3034353138312c2d37362e3332323930362c3133312e3830303030302c31362e35362c302e31362c3132,"40.05416666666667,-76.36195","40.045181,-76.322906,131.800000,16.56,0.16,12",45,1
18/Nov/2023 19:20:43,RockBLOCK F23 Backup,MO,34302e3034353138312c2d37362e3332323930362c3133312e3830303030302c31362e35362c302e31362c3132,"40.05416666666667,-76.36195","40.045181,-76.322906,131.800000,16.56,0.16,12",45,1
18/Nov/2023 19:20:35,RockBLOCK F23 Backup,MO,34302e3034353138312c2d37362e3332323930362c3133312e3830303030302c31362e34352c302e31362c3132,"40.03163333333333,-76.373","40.045181,-76.322906,131.800000,16.45,0.16,12",45,1
18/Nov/2023 19:19:16,RockBLOCK F23 Backup,MO,34302e3034353135382c2d37362e3332323839312c3132392e3839393939302c31362e30312c302e31362c3130,"40.09265,-76.45315","40.045158,-76.322891,129.899990,16.01,0.16,10",45,1
18/Nov/2023 19:17:43,RockBLOCK F23 Backup,MO,34302e3034353135382c2d37362e3332323839312c3132392e3839393939302c31352e39302c302e31362c3130,"40.05416666666667,-76.36195","40.045158,-76.322891,129.899990,15.90,0.16,10",45,1
18/Nov/2023 19:17:19,RockBLOCK F23 Backup,MO,34302e3034353135382c2d37362e3332323839312c3132392e3839393939302c31352e39302c302e31362c3130,"40.04868333333334,-76.31636666666667","40.045158,-76.322891,129.899990,15.90,0.16,10",45,1
18/Nov/2023 19:17:08,RockBLOCK F23 Backup,MO,34302e3034353135382c2d37362e3332323839312c3132392e3839393939302c31352e38312c302e31362c3130,"40.05416666666667,-76.36195","40.045158,-76.322891,129.899990,15.81,0.16,10",45,1
18/Nov/2023 19:16:33,RockBLOCK F23 Backup,MO,34302e3034353135382c2d37362e3332323839312c3132392e3839393939302c31352e38312c302e31362c3130,"40.04868333333334,-76.31636666666667","40.045158,-76.322891,129.899990,15.81,0.16,10",45,1
18/Nov/2023 19:16:23,RockBLOCK F23 Backup,MO,34302e3034353138312c2d37362e3332323833302c3132392e3839393939302c31352e37312c302e37382c3130,"40.04868333333334,-76.31636666666667","40.045181,-76.322830,129.899990,15.71,0.78,10",45,1
18/Nov/2023 19:16:00,RockBLOCK F23 Backup,MO,34302e3034353138312c2d37362e3332323833302c3132392e3839393939302c31352e37312c302e37382c3130,"40.05416666666667,-76.36195","40.045181,-76.322830,129.899990,15.71,0.78,10",45,1
18/Nov/2023 19:15:51,RockBLOCK F23 Backup,MO,34302e3034353137342c2d37362e3332323836382c3132392e3839393939302c31352e36322c302e32392c3130,"40.04868333333334,-76.31636666666667","40.045174,-76.322868,129.899990,15.62,0.29,10",45,1
18/Nov/2023 19:15:19,RockBLOCK F23 Backup,MO,34302e3034353137342c2d37362e3332323836382c3132392e3839393939302c31352e36322c302e32392c3130,"40.04868333333334,-76.31636666666667","40.045174,-76.322868,129.899990,15.62,0.29,10",45,1
18/Nov/2023 19:15:05,RockBLOCK F23 Backup,MO,34302e3034353230302c2d37362e3332323839392c3132372e3430303030302c31342e39312c302e33322c39,"40.04868333333334,-76.31636666666667","40.045200,-76.322899,127.400000,14.91,0.32,9",44,1
18/Nov/2023 19:10:32,RockBLOCK F23 Backup,MO,34302e3034353230302c2d37362e3332323839392c3132372e3430303030302c31342e37392c302e33322c39,"40.08508333333333,-76.7944","40.045200,-76.322899,127.400000,14.79,0.32,9",44,1
18/Nov/2023 19:10:04,RockBLOCK F23 Backup,MO,34302e3034353230302c2d37362e3332323839392c3132372e3430303030302c31342e37392c302e33322c39,"40.0575,-76.7944","40.045200,-76.322899,127.400000,14.79,0.32,9",44,1
18/Nov/2023 19:09:53,RockBLOCK F23 Backup,MO,34302e3034353139372c2d37362e3332323836382c3132372e3430303030302c31342e36372c302e38362c39,"40.0628,-76.84008333333334","40.045197,-76.322868,127.400000,14.67,0.86,9",44,1
18/Nov/2023 19:09:22,RockBLOCK F23 Backup,MO,34302e3034353139372c2d37362e3332323836382c3132372e3430303030302c31342e36372c302e38362c39,"40.040216666666666,-76.85075","40.045197,-76.322868,127.400000,14.67,0.86,9",44,1
18/Nov/2023 19:09:12,RockBLOCK F23 Backup,MO,34302e3034353230342c2d37362e3332323837362c3132372e3430303030302c31342e35342c312e35302c39,"40.04546666666667,-76.89641666666667","40.045204,-76.322876,127.400000,14.54,1.50,9",44,1
18/Nov/2023 19:08:53,RockBLOCK F23 Backup,MO,34302e3034353230342c2d37362e3332323837362c3132372e3430303030302c31342e35342c312e35302c39,"40.04546666666667,-76.89641666666667","40.045204,-76.322876,127.400000,14.54,1.50,9",44,1
18/Nov/2023 19:08:38,RockBLOCK F23 Backup,MO,34302e3034353230302c2d37362e3332323836382c3132362e3830303030302c31342e34322c312e35302c38,"40.04546666666667,-76.89641666666667","40.045200,-76.322868,126.800000,14.42,1.50,8",44,1
18/Nov/2023 19:08:12,RockBLOCK F23 Backup,MO,34302e3034353230302c2d37362e3332323836382c3132362e3830303030302c31342e34322c312e35302c38,"40.050716666666666,-76.9421","40.045200,-76.322868,126.800000,14.42,1.50,8",44,1
18/Nov/2023 19:08:05,RockBLOCK F23 Backup,MO,34302e3034353233352c2d37362e3332323838342c3132362e3830303030302c31342e33312c302e31332c38,"40.050716666666666,-76.9421","40.045235,-76.322884,126.800000,14.31,0.13,8",44,1
18/Nov/2023 19:07:34,RockBLOCK F23 Backup,MO,34302e3034353233352c2d37362e3332323838342c3132362e3830303030302c31342e33312c302e31332c38,"40.050716666666666,-76.9421","40.045235,-76.322884,126.800000,14.31,0.13,8",44,1
18/Nov/2023 19:07:27,RockBLOCK F23 Backup,MO,34302e3034353234322c2d37362e3332323838342c3132362e3630303030302c31342e31392c302e31332c38,"40.050716666666666,-76.9421","40.045242,-76.322884,126.600000,14.19,0.13,8",44,1
18/Nov/2023 19:07:03,RockBLOCK F23 Backup,MO,34302e3034353234322c2d37362e3332323838342c3132362e3630303030302c31342e31392c302e31332c38,"40.050716666666666,-76.9421","40.045242,-76.322884,126.600000,14.19,0.13,8",44,1
18/Nov/2023 19:06:56,RockBLOCK F23 Backup,MO,34302e3034353232372c2d37362e3332323836382c3132362e3630303030302c31342e30372c302e38322c38,"40.050716666666666,-76.9421","40.045227,-76.322868,126.600000,14.07,0.82,8",44,1
18/Nov/2023 19:06:32,RockBLOCK F23 Backup,MO,34302e3034353232372c2d37362e3332323836382c3132362e3630303030302c31342e30372c302e38322c38,"40.05595,-76.9878","40.045227,-76.322868,126.600000,14.07,0.82,8",44,1
18/Nov/2023 19:06:25,RockBLOCK F23 Backup,MO,34302e3034353139332c2d37362e3332323835332c3132312e3130303030302c31332e39342c302e38322c36,"40.05595,-76.9878","40.045193,-76.322853,121.100000,13.94,0.82,6",44,1
18/Nov/2023 19:05:58,RockBLOCK F23 Backup,MO,34302e3034353139332c2d37362e3332323835332c3132312e3130303030302c31332e39342c302e38322c36,"40.05595,-76.9878","40.045193,-76.322853,121.100000,13.94,0.82,6",44,1
18/Nov/2023 19:05:51,RockBLOCK F23 Backup,MO,34302e3034353139332c2d37362e3332323835332c3132312e3130303030302c31332e38302c302e38322c36,"40.0432,-76.27081666666666","40.045193,-76.322853,121.100000,13.80,0.82,6",44,1
18/Nov/2023 19:05:28,RockBLOCK F23 Backup,MO,34302e3034353139332c2d37362e3332323835332c3132312e3130303030302c31332e38302c302e38322c36,"40.050716666666666,-76.9421","40.045193,-76.322853,121.100000,13.80,0.82,6",44,1
18/Nov/2023 19:05:17,RockBLOCK F23 Backup,MO,34302e3034353139332c2d37362e3332323835332c3132312e3130303030302c31332e36372c302e38322c36,"40.050716666666666,-76.9421","40.045193,-76.322853,121.100000,13.67,0.82,6",44,1
18/Nov/2023 19:04:53,RockBLOCK F23 Backup,MO,34302e3034353139332c2d37362e3332323835332c3132312e3130303030302c31332e36372c302e38322c36,"40.050716666666666,-76.9421","40.045193,-76.322853,121.100000,13.67,0.82,6",44,1
18/Nov/2023 19:04:34,RockBLOCK F23 Backup,MO,34302e3034353139332c2d37362e3332323833302c3132312e3130303030302c31332e35352c302e30302c36,"40.050716666666666,-76.9421","40.045193,-76.322830,121.100000,13.55,0.00,6",44,1
18/Nov/2023 19:04:10,RockBLOCK F23 Backup,MO,34302e3034353139332c2d37362e3332323833302c3132312e3130303030302c31332e35352c302e30302c36,"40.0432,-76.27081666666666","40.045193,-76.322830,121.100000,13.55,0.00,6",44,1
18/Nov/2023 19:04:03,RockBLOCK F23 Backup,MO,302e3030303030302c302e3030303030302c302e3030303030302c31332e34362c302e30302c30,"40.037083333333335,-76.41855","0.000000,0.000000,0.000000,13.46,0.00,0",39,1
18/Nov/2023 19:03:37,RockBLOCK F23 Backup,MO,302e3030303030302c302e3030303030302c302e3030303030302c31332e34362c302e30302c30,"40.0126,-76.85075","0.000000,0.000000,0.000000,13.46,0.00,0",39,1
18/Nov/2023 19:03:30,RockBLOCK F23 Backup,MO,302e3030303030302c302e3030303030302c302e3030303030302c31332e33392c302e30302c30,"40.040216666666666,-76.85075","0.000000,0.000000,0.000000,13.39,0.00,0",39,1
18/Nov/2023 19:02:47,RockBLOCK F23 Backup,MO,302e3030303030302c302e3030303030302c302e3030303030302c31332e33392c302e30302c30,"40.007333333333335,-76.8051","0.000000,0.000000,0.000000,13.39,0.00,0",39,1
18/Nov/2023 19:02:37,RockBLOCK F23 Backup,MO,302e3030303030302c302e3030303030302c302e3030303030302c31332e36352c302e30302c30,"40.02963333333334,-76.75946666666667","0.000000,0.000000,0.000000,13.65,0.00,0",39,1
18/Nov/2023 19:00:32,RockBLOCK F23 Backup,MO,302e3030303030302c302e3030303030302c302e3030303030302c31332e36352c302e30302c30,"40.0432,-76.27081666666666","0.000000,0.000000,0.000000,13.65,0.00,0",39,1
18/Nov/2023 19:00:24,RockBLOCK F23 Backup,MO,302e3030303030302c302e3030303030302c302e3030303030302c31332e39302c302e30302c30,"40.065733333333334,-76.25966666666666","0.000000,0.000000,0.000000,13.90,0.00,0",39,1
18/Nov/2023 19:00:01,RockBLOCK F23 Backup,MO,302e3030303030302c302e3030303030302c302e3030303030302c31332e39302c302e30302c30,"40.04868333333334,-76.31636666666667","0.000000,0.000000,0.000000,13.90,0.00,0",39,1
18/Nov/2023 18:59:53,RockBLOCK F23 Backup,MO,302e3030303030302c302e3030303030302c302e3030303030302c31342e39352c302e30302c30,"40.05416666666667,-76.36195","0.000000,0.000000,0.000000,14.95,0.00,0",39,1
18/Nov/2023 18:58:32,RockBLOCK F23 Backup,MO,302e3030303030302c302e3030303030302c302e3030303030302c31342e39352c302e30302c30,"40.05416666666667,-76.36195","0.000000,0.000000,0.000000,14.95,0.00,0",39,1
18/Nov/2023 18:58:08,RockBLOCK F23 Backup,MO,302e3030303030302c302e3030303030302c302e3030303030302c31342e39352c302e30302c30,"40.05416666666667,-76.36195","0.000000,0.000000,0.000000,14.95,0.00,0",39,1
18/Nov/2023 18:57:58,RockBLOCK F23 Backup,MO,,"40.0432,-76.27081666666666",,0,1
18/Nov/2023 18:33:42,RockBLOCK F23 Backup,MO,302e3030303030302c302e3030303030302c302e3030303030302c31342e31392c302e30302c30,"40.07626666666667,-76.31636666666667","0.000000,0.000000,0.000000,14.19,0.00,0",39,1
18/Nov/2023 18:29:54,RockBLOCK F23 Backup,MO,302e3030303030302c302e3030303030302c302e3030303030302c31342e32302c302e30302c30,"40.05416666666667,-76.36195","0.000000,0.000000,0.000000,14.20,0.00,0",39,1
18/Nov/2023 18:28:37,RockBLOCK F23 Backup,MO,,"40.05416666666667,-76.36195",,0,1
18/Nov/2023 18:10:50,RockBLOCK F23 Backup,MO,34302e3034353137372c2d37362e3332323839312c3134392e3830303030302c31372e37382c302e31342c3132,"40.04868333333334,-76.31636666666667","40.045177,-76.322891,149.800000,17.78,0.14,12",45,1
18/Nov/2023 18:10:36,RockBLOCK F23 Backup,MO,34302e3034353137372c2d37362e3332323839312c3134392e3830303030302c31382e32312c302e31342c3132,"40.05416666666667,-76.36195","40.045177,-76.322891,149.800000,18.21,0.14,12",45,1
18/Nov/2023 18:10:20,RockBLOCK F23 Backup,MT,2141434f,,!ACO,4,1
18/Nov/2023 18:10:13,RockBLOCK F23 Backup,MO,34302e3034353137372c2d37362e3332323839312c3134392e3830303030302c31382e32312c302e31342c3132,"40.04868333333334,-76.31636666666667","40.045177,-76.322891,149.800000,18.21,0.14,12",45,1
18/Nov/2023 18:10:00,RockBLOCK F23 Backup,MO,34302e3034353137372c2d37362e3332323839312c3134392e3830303030302c31372e35352c302e31342c3132,"40.04868333333334,-76.31636666666667","40.045177,-76.322891,149.800000,17.55,0.14,12",45,1
18/Nov/2023 18:09:57,RockBLOCK F23 Backup,MT,2141434f,,!ACO,4,1
18/Nov/2023 18:09:37,RockBLOCK F23 Backup,MO,34302e3034353137372c2d37362e3332323839312c3134392e3830303030302c31372e35352c302e31342c3132,"40.05416666666667,-76.36195","40.045177,-76.322891,149.800000,17.55,0.14,12",45,1
18/Nov/2023 18:09:26,RockBLOCK F23 Backup,MO,34302e3034353137372c2d37362e3332323839312c3134392e3830303030302c31362e37382c302e31342c3132,"40.098816666666664,-76.30526666666667","40.045177,-76.322891,149.800000,16.78,0.14,12",45,1
18/Nov/2023 18:08:54,RockBLOCK F23 Backup,MO,34302e3034353137372c2d37362e3332323839312c3134392e3830303030302c31362e37382c302e31342c3132,"40.05416666666667,-76.36195","40.045177,-76.322891,149.800000,16.78,0.14,12",45,1
18/Nov/2023 18:08:46,RockBLOCK F23 Backup,MO,,"40.04868333333334,-76.31636666666667",,0,1
18/Nov/2023 17:41:31,RockBLOCK F23 Backup,MO,302e3030303030302c302e3030303030302c302e3030303030302c31352e34382c302e30302c30,"40.05416666666667,-76.36195","0.000000,0.000000,0.000000,15.48,0.00,0",39,1
18/Nov/2023 17:41:21,RockBLOCK F23 Backup,MO,,"40.04868333333334,-76.31636666666667",,0,1
18/Nov/2023 17:36:41,RockBLOCK F23 Backup,MO,34302e3034353137342c2d37362e3332323932322c3134352e3030303030302c31362e36362c302e30332c3132,"40.04868333333334,-76.31636666666667","40.045174,-76.322922,145.000000,16.66,0.03,12",45,1
18/Nov/2023 17:36:09,RockBLOCK F23 Backup,MO,34302e3034353137342c2d37362e3332323932322c3134352e3030303030302c31362e36362c302e30332c3132,"40.08175,-76.36195","40.045174,-76.322922,145.000000,16.66,0.03,12",45,1
18/Nov/2023 17:36:00,RockBLOCK F23 Backup,MO,34302e3034353137342c2d37362e3332323932322c3134352e3030303030302c31362e36312c302e30332c3132,"40.08175,-76.36195","40.045174,-76.322922,145.000000,16.61,0.03,12",45,1
18/Nov/2023 17:35:28,RockBLOCK F23 Backup,MO,34302e3034353137342c2d37362e3332323932322c3134352e3030303030302c31362e36312c302e30332c3132,"40.05416666666667,-76.36195","40.045174,-76.322922,145.000000,16.61,0.03,12",45,1
18/Nov/2023 17:35:19,RockBLOCK F23 Backup,MO,34302e3034353138352c2d37362e3332323932322c3134342e3630303031302c31362e38362c302e30302c3131,"40.05416666666667,-76.36195","40.045185,-76.322922,144.600010,16.86,0.00,11",45,1
18/Nov/2023 17:33:19,RockBLOCK F23 Backup,MO,34302e3034353138352c2d37362e3332323932322c3134342e3630303031302c31362e38362c302e30302c3131,"40.08175,-76.36195","40.045185,-76.322922,144.600010,16.86,0.00,11",45,1
18/Nov/2023 17:33:08,RockBLOCK F23 Backup,MO,,"40.08721666666667,-76.40753333333333",,0,0
